"ID_PEDIDO";"PEDDTBAIXA";"CLICODIGO";"GCLCODIGO";"SETOR";"PROCODIGO";"TRANSITIONS";"PDPDESCRICAO";"PEDAUTORIZOU";"FISCODIGO";"QTD";"VRVENDA"
13552019;2023-09-01;1464;;"SETOR 5 - BLUMENAU - VALE";"LD2374        ";0;"VARILUX XR DESIGN STY 1.74 BLUE UV";"BARBARA";"5.102  ";2;195,25
13578462;2023-09-01;3325;77;"SETOR 5 - BLUMENAU - VALE";"LD2371        ";0;"VARILUX XR DESIGN AIRWEAR BLUE UV";"INDIANARA BORG";"5.101  ";2;672,84
13578536;2023-09-06;198;;"SETOR 3 - CHAPECO - OESTE - RS";"LD2365        ";0;"VARILUX XR DESIGN ORMA BLUE UV";"BERNARDO";"6.101  ";2;604,2
13578547;2023-09-05;198;;"SETOR 3 - CHAPECO - OESTE - RS";"LD2417        ";0;"VARILUX XR DESIGN ORMA COLOR";"BERNARDO";"6.101  ";2;106,56
13580557;2023-09-12;4154;77;"SETOR 6 - B CAMBORIU - LITORAL";"LD2370        ";1;"VARILUX XR DESIGN AIRWEAR TGEN8 CINZA";"ANA CAROLINA";"5.101  ";2;935,76
13580606;2023-09-05;4154;77;"SETOR 6 - B CAMBORIU - LITORAL";"LD2371        ";0;"VARILUX XR DESIGN AIRWEAR BLUE UV";"ANA CAROLINA";"5.101  ";2;141,83
13582770;2023-09-04;214;;"SETOR 6 - B CAMBORIU - LITORAL";"LD2493        ";0;"VARILUX XR DESIGN AIRWEAR COLOR";"33596958";"5.101  ";2;211,34
13582787;2023-09-04;214;;"SETOR 6 - B CAMBORIU - LITORAL";"LD2493        ";0;"VARILUX XR DESIGN AIRWEAR COLOR";"33598114";"5.101  ";2;211,34
13585899;2023-09-05;1270;;"SETOR 5 - BLUMENAU - VALE";"LD2365        ";0;"VARILUX XR DESIGN ORMA BLUE UV";"RAFAEL";"5.101  ";2;795
13585900;2023-09-01;1270;;"SETOR 5 - BLUMENAU - VALE";"LD2365        ";0;"VARILUX XR DESIGN ORMA BLUE UV";"RAFAEL";"5.101  ";2;190,55
13585961;2023-09-04;4382;77;"SETOR 6 - B CAMBORIU - LITORAL";"LD2365        ";0;"VARILUX XR DESIGN ORMA BLUE UV";"DIANESSA";"5.101  ";2;560,28
13585976;2023-09-11;4382;77;"SETOR 6 - B CAMBORIU - LITORAL";"LD2361        ";0;"VARILUX XR DESIGN ORMA XPERIO CINZA";"DIANESSA";"5.102  ";2;181,26
13586163;2023-09-01;198;;"SETOR 3 - CHAPECO - OESTE - RS";"LD2371        ";0;"VARILUX XR DESIGN AIRWEAR BLUE UV";"BERNARDO";"6.101  ";2;674,88
13586515;2023-09-04;2104;234;"SETOR 4 - JOINVILLE - NORTE";"LD2366        ";1;"VARILUX XR DESIGN ORMA TGEN8 CINZA";"KEILA";"5.101  ";2;1021
13586658;2023-09-13;198;;"SETOR 3 - CHAPECO - OESTE - RS";"LD2371        ";0;"VARILUX XR DESIGN AIRWEAR BLUE UV";"BERNARDO";"6.101  ";2;674,88
13588995;2023-09-05;4382;77;"SETOR 6 - B CAMBORIU - LITORAL";"LD2371        ";0;"VARILUX XR DESIGN AIRWEAR BLUE UV";"LUANA";"5.101  ";2;637,56
13589058;2023-09-05;4382;77;"SETOR 6 - B CAMBORIU - LITORAL";"LD2371        ";0;"VARILUX XR DESIGN AIRWEAR BLUE UV";"DIANESSA";"5.101  ";2;637,56
13589071;2023-09-08;4382;77;"SETOR 6 - B CAMBORIU - LITORAL";"LD2371        ";0;"VARILUX XR DESIGN AIRWEAR BLUE UV";"DIANESSA";"5.101  ";2;206,51
13589072;2023-09-09;4382;77;"SETOR 6 - B CAMBORIU - LITORAL";"LD2493        ";0;"VARILUX XR DESIGN AIRWEAR COLOR";"LUANA";"5.101  ";2;199,96
13589139;2023-09-05;4382;77;"SETOR 6 - B CAMBORIU - LITORAL";"LD2371        ";0;"VARILUX XR DESIGN AIRWEAR BLUE UV";"LUANA";"5.101  ";2;637,56
13589166;2023-09-04;4382;77;"SETOR 6 - B CAMBORIU - LITORAL";"LD2493        ";0;"VARILUX XR DESIGN AIRWEAR COLOR";"LUANA";"5.101  ";2;200,04
13589642;2023-09-04;3325;77;"SETOR 5 - BLUMENAU - VALE";"LD2370        ";1;"VARILUX XR DESIGN AIRWEAR TGEN8 CINZA";"INDIANARA BORG";"5.101  ";2;900,48
13589660;2023-09-04;3325;77;"SETOR 5 - BLUMENAU - VALE";"LD2370        ";1;"VARILUX XR DESIGN AIRWEAR TGEN8 CINZA";"INDIANARA BORG";"5.101  ";2;239,93
13589703;2023-09-06;198;;"SETOR 3 - CHAPECO - OESTE - RS";"LD2371        ";0;"VARILUX XR DESIGN AIRWEAR BLUE UV";"BERNARDO";"6.101  ";2;674,88
13589926;2023-09-04;3325;77;"SETOR 5 - BLUMENAU - VALE";"LD2365        ";0;"VARILUX XR DESIGN ORMA BLUE UV";"JULIANA CARDOSO ";"5.101  ";2;560,28
13589956;2023-09-04;3325;77;"SETOR 5 - BLUMENAU - VALE";"LD2365        ";0;"VARILUX XR DESIGN ORMA BLUE UV";"JULIANA CARDOSO ";"5.101  ";2;234,2
13590028;2023-09-04;2104;234;"SETOR 4 - JOINVILLE - NORTE";"LD2365        ";0;"VARILUX XR DESIGN ORMA BLUE UV";"KEILA";"5.101  ";2;795
13590070;2023-09-15;2104;234;"SETOR 4 - JOINVILLE - NORTE";"LD2365        ";0;"VARILUX XR DESIGN ORMA BLUE UV";"KEILA";"5.101  ";2;191,44
13590077;2023-09-04;450;;"SETOR 3 - CHAPECO - OESTE - RS";"LD2365        ";0;"VARILUX XR DESIGN ORMA BLUE UV";"MILANE";"5.101  ";2;653,66
13590117;2023-09-04;450;;"SETOR 3 - CHAPECO - OESTE - RS";"LD2365        ";0;"VARILUX XR DESIGN ORMA BLUE UV";"MILANE";"5.101  ";2;249,63
13590245;2023-09-04;3325;77;"SETOR 5 - BLUMENAU - VALE";"LD2371        ";0;"VARILUX XR DESIGN AIRWEAR BLUE UV";"INDIANARA BORG";"5.101  ";2;637,56
13590274;2023-09-06;3325;77;"SETOR 5 - BLUMENAU - VALE";"LD2493        ";0;"VARILUX XR DESIGN AIRWEAR COLOR";"INDIANARA BORG";"5.101  ";2;194,91
13590493;2023-09-05;2104;234;"SETOR 4 - JOINVILLE - NORTE";"LD2365        ";0;"VARILUX XR DESIGN ORMA BLUE UV";"KEILA";"5.101  ";2;795
13591807;2023-09-04;1419;;"SETOR 5 - BLUMENAU - VALE";"LD2372        ";0;"VARILUX XR DESIGN STYLIS 1.67 BLUE UV";"KIM-MARLON ";"5.101  ";2;179,38
13592220;2023-09-11;2273;77;"SETOR 6 - B CAMBORIU - LITORAL";"LD2370        ";1;"VARILUX XR DESIGN AIRWEAR TGEN8 CINZA";"MAYARA";"5.101  ";2;900,48
13592234;2023-09-06;2273;77;"SETOR 6 - B CAMBORIU - LITORAL";"LD2370        ";1;"VARILUX XR DESIGN AIRWEAR TGEN8 CINZA";"MAYARA";"5.101  ";2;211,07
13592338;2023-09-12;3324;77;"SETOR 6 - B CAMBORIU - LITORAL";"LD2365        ";0;"VARILUX XR DESIGN ORMA BLUE UV";"ANA PAULA";"5.101  ";2;560,28
13592384;2023-09-08;3324;77;"SETOR 6 - B CAMBORIU - LITORAL";"LD2365        ";0;"VARILUX XR DESIGN ORMA BLUE UV";"ANA PAULA";"5.101  ";2;234,2
13593072;2023-09-06;2273;77;"SETOR 6 - B CAMBORIU - LITORAL";"LD2379        ";0;"VARILUX XR DESIGN FIT EYE ORMA BLUE UV";"BRUNA";"5.101  ";2;560,28
13593094;2023-09-06;2273;77;"SETOR 6 - B CAMBORIU - LITORAL";"LD2418        ";0;"VARILUX XR DESIGN FIT EYE ORMA COLOR";"BRUNA";"5.101  ";2;115,71
13593199;2023-09-06;450;;"SETOR 3 - CHAPECO - OESTE - RS";"LD2365        ";0;"VARILUX XR DESIGN ORMA BLUE UV";"SONIA";"5.101  ";2;653,66
13594194;2023-09-06;198;;"SETOR 3 - CHAPECO - OESTE - RS";"LD2365        ";0;"VARILUX XR DESIGN ORMA BLUE UV";"BERNARDO";"6.101  ";2;604,2
13594320;2023-09-05;450;;"SETOR 3 - CHAPECO - OESTE - RS";"LD2365        ";0;"VARILUX XR DESIGN ORMA BLUE UV";"SONIA";"5.101  ";2;653,66
13594866;2023-09-12;1903;56;"SETOR 5 - BLUMENAU - VALE";"LD2371        ";0;"VARILUX XR DESIGN AIRWEAR BLUE UV";"ANNA";"5.101  ";2;743,82
13594885;2023-09-08;1903;56;"SETOR 5 - BLUMENAU - VALE";"LD2493        ";0;"VARILUX XR DESIGN AIRWEAR COLOR";"ANNA";"5.101  ";2;200,04
13595360;2023-09-06;1464;;"SETOR 5 - BLUMENAU - VALE";"LD2365        ";0;"VARILUX XR DESIGN ORMA BLUE UV";"BARBARA";"5.101  ";2;709
13595386;2023-09-06;1464;;"SETOR 5 - BLUMENAU - VALE";"LD2365        ";0;"VARILUX XR DESIGN ORMA BLUE UV";"BARBARA";"5.101  ";2;160,84
13595664;2023-09-12;1464;;"SETOR 5 - BLUMENAU - VALE";"LD2374        ";0;"VARILUX XR DESIGN STY 1.74 BLUE UV";"BARBARA";"5.102  ";2;1744
13595681;2023-09-11;3325;77;"SETOR 5 - BLUMENAU - VALE";"LD2371        ";0;"VARILUX XR DESIGN AIRWEAR BLUE UV";"INDIANARA BORG";"5.101  ";2;318,78
13595688;2023-09-13;1464;;"SETOR 5 - BLUMENAU - VALE";"LD2374        ";0;"VARILUX XR DESIGN STY 1.74 BLUE UV";"BARBARA";"5.102  ";2;195,25
13595813;2023-09-11;198;;"SETOR 3 - CHAPECO - OESTE - RS";"LD2365        ";0;"VARILUX XR DESIGN ORMA BLUE UV";"BERNARDO";"6.101  ";2;604,2
13595872;2023-09-08;2273;77;"SETOR 6 - B CAMBORIU - LITORAL";"LD2379        ";0;"VARILUX XR DESIGN FIT EYE ORMA BLUE UV";"BRUNA";"5.101  ";2;560,28
13595893;2023-09-08;2273;77;"SETOR 6 - B CAMBORIU - LITORAL";"LD2379        ";0;"VARILUX XR DESIGN FIT EYE ORMA BLUE UV";"BRUNA";"5.101  ";2;234,2
13596394;2023-09-12;1903;56;"SETOR 5 - BLUMENAU - VALE";"LD2365        ";0;"VARILUX XR DESIGN ORMA BLUE UV";"ANNA";"5.101  ";2;653,66
13596422;2023-09-08;1903;56;"SETOR 5 - BLUMENAU - VALE";"LD2417        ";0;"VARILUX XR DESIGN ORMA COLOR";"ANNA";"5.101  ";2;190,18
13597068;2023-09-11;3324;77;"SETOR 6 - B CAMBORIU - LITORAL";"LD2371        ";0;"VARILUX XR DESIGN AIRWEAR BLUE UV";"CAROL MAYER";"5.101  ";2;637,56
13597666;2023-09-11;709;;"SETOR 3 - CHAPECO - OESTE - RS";"LD2407        ";0;"VARILUX XR PRO ORMA BLUE UV";"A";"6.101  ";2;249,87
13598154;2023-09-12;1270;;"SETOR 5 - BLUMENAU - VALE";"LD2365        ";0;"VARILUX XR DESIGN ORMA BLUE UV";"RAFAEL";"5.101  ";2;795
13598169;2023-09-12;1270;;"SETOR 5 - BLUMENAU - VALE";"LD2417        ";0;"VARILUX XR DESIGN ORMA COLOR";"RAFAEL";"5.101  ";2;190,18
13598259;2023-09-11;290;;"SETOR 1 - FLORIANOPOLIS REDES";"LD2370        ";1;"VARILUX XR DESIGN AIRWEAR TGEN8 CINZA";"GERVASIO";"5.101  ";2;1202
13598284;2023-09-11;290;;"SETOR 1 - FLORIANOPOLIS REDES";"LD2370        ";1;"VARILUX XR DESIGN AIRWEAR TGEN8 CINZA";"GERVASIO";"5.101  ";2;203,03
13598729;2023-09-11;163;12;"SETOR 4 - JOINVILLE - NORTE";"LD2366        ";1;"VARILUX XR DESIGN ORMA TGEN8 CINZA";;"5.101  ";2;180,52
13599845;2023-09-12;198;;"SETOR 3 - CHAPECO - OESTE - RS";"LD2366        ";1;"VARILUX XR DESIGN ORMA TGEN8 CINZA";"BERNARDO";"6.101  ";2;842,08
13600707;2023-09-11;214;;"SETOR 6 - B CAMBORIU - LITORAL";"LD2493        ";0;"VARILUX XR DESIGN AIRWEAR COLOR";"33680390";"5.101  ";2;906
13601204;2023-09-08;47;;"SETOR 3 - CHAPECO - OESTE - RS";"LD2363        ";1;"VARILUX XR DESIGN ORMA TGEN8 MARROM";"MARCELO";"5.101  ";2;554
13601769;2023-09-12;1281;;"SETOR 3 - CHAPECO - OESTE - RS";"LD2364        ";1;"VARILUX XR DESIGN ORMA TGEN8 VERDE";"SILVANA";"6.101  ";2;959,42
13602063;2023-09-11;1419;;"SETOR 5 - BLUMENAU - VALE";"LD2491        ";0;"VARILUX XR PRO AIRWEAR COLOR";"SANDRA - JANE";"5.101  ";2;222,98
13602125;2023-09-13;1281;;"SETOR 3 - CHAPECO - OESTE - RS";"LD2364        ";1;"VARILUX XR DESIGN ORMA TGEN8 VERDE";"SILVANA";"6.101  ";2;249,74
13602321;2023-09-13;3325;77;"SETOR 5 - BLUMENAU - VALE";"LD2371        ";0;"VARILUX XR DESIGN AIRWEAR BLUE UV";"INDIANARA BORG";"5.101  ";2;318,78
13602474;2023-09-13;3325;77;"SETOR 5 - BLUMENAU - VALE";"LD2393        ";0;"VARILUX XR TRACK ORMA BLUE UV";"JULIANA CARDOSO ";"5.101  ";2;770,28
13602509;2023-09-12;3325;77;"SETOR 5 - BLUMENAU - VALE";"LD2420        ";0;"VARILUX XR TRACK ORMA COLOR";"JULIANA CARDOSO ";"5.101  ";2;201,43
13602527;2023-09-14;2273;77;"SETOR 6 - B CAMBORIU - LITORAL";"LD2365        ";0;"VARILUX XR DESIGN ORMA BLUE UV";"MAYARA";"5.101  ";2;560,28
13602528;2023-09-11;47;;"SETOR 3 - CHAPECO - OESTE - RS";"LD2370        ";1;"VARILUX XR DESIGN AIRWEAR TGEN8 CINZA";"MARCELO";"5.101  ";2;249,77
13603373;2023-09-13;709;;"SETOR 3 - CHAPECO - OESTE - RS";"LD2389        ";0;"VARILUX XR TRACK ORMA XPERIO CINZA";"A";"6.101  ";2;249,99
13604470;2023-09-13;198;;"SETOR 3 - CHAPECO - OESTE - RS";"LD2366        ";1;"VARILUX XR DESIGN ORMA TGEN8 CINZA";"BERNARDO";"6.101  ";2;775,96
13604640;2023-09-11;4154;77;"SETOR 6 - B CAMBORIU - LITORAL";"LD2365        ";0;"VARILUX XR DESIGN ORMA BLUE UV";"ANA CAROLINA";"5.101  ";2;280,14
13605183;2023-09-15;4382;77;"SETOR 6 - B CAMBORIU - LITORAL";"LD2365        ";0;"VARILUX XR DESIGN ORMA BLUE UV";"VINICIOSS";"5.101  ";2;560,28
13605250;2023-09-15;4382;77;"SETOR 6 - B CAMBORIU - LITORAL";"LD2417        ";0;"VARILUX XR DESIGN ORMA COLOR";"VINICIOSS";"5.101  ";2;115,71
13605373;2023-09-15;4382;77;"SETOR 6 - B CAMBORIU - LITORAL";"LD2365        ";0;"VARILUX XR DESIGN ORMA BLUE UV";"VINICIOSS";"5.101  ";2;560,28
13605397;2023-09-25;4382;77;"SETOR 6 - B CAMBORIU - LITORAL";"LD2365        ";0;"VARILUX XR DESIGN ORMA BLUE UV";"VINICIOSS";"5.101  ";2;234,2
13607162;2023-09-13;198;;"SETOR 3 - CHAPECO - OESTE - RS";"LD2365        ";0;"VARILUX XR DESIGN ORMA BLUE UV";"BERNARDO";"6.101  ";2;302,1
13607830;2023-09-14;709;;"SETOR 3 - CHAPECO - OESTE - RS";"LD2393        ";0;"VARILUX XR TRACK ORMA BLUE UV";"A";"6.101  ";2;458,5
13608216;2023-09-15;2273;77;"SETOR 6 - B CAMBORIU - LITORAL";"LD2365        ";0;"VARILUX XR DESIGN ORMA BLUE UV";"MAYARA";"5.101  ";2;560,28
13608280;2023-09-13;2273;77;"SETOR 6 - B CAMBORIU - LITORAL";"LD2417        ";0;"VARILUX XR DESIGN ORMA COLOR";"MAYARA";"5.101  ";2;115,71
13608653;2023-09-18;2273;77;"SETOR 6 - B CAMBORIU - LITORAL";"LD2365        ";0;"VARILUX XR DESIGN ORMA BLUE UV";"MAYARA";"5.101  ";2;560,28
13608662;2023-09-13;2273;77;"SETOR 6 - B CAMBORIU - LITORAL";"LD2417        ";0;"VARILUX XR DESIGN ORMA COLOR";"MAYARA";"5.101  ";2;195,56
13609857;2023-09-18;2273;77;"SETOR 6 - B CAMBORIU - LITORAL";"LD2365        ";0;"VARILUX XR DESIGN ORMA BLUE UV";"MAYARA";"5.101  ";2;560,28
13609890;2023-09-14;2273;77;"SETOR 6 - B CAMBORIU - LITORAL";"LD2417        ";0;"VARILUX XR DESIGN ORMA COLOR";"MAYARA";"5.101  ";2;195,56
13611036;2023-09-18;1419;;"SETOR 5 - BLUMENAU - VALE";"LD2408        ";1;"VARILUX XR PRO ORMA TGEN8 CINZA";"JOSE- JANE";"5.101  ";2;201,03
13611130;2023-09-15;709;;"SETOR 3 - CHAPECO - OESTE - RS";"LD2410        ";0;"VARILUX XR PRO AIRWEAR XPERIO CINZA";"A";"6.101  ";2;249,99
13612337;2023-09-14;450;;"SETOR 3 - CHAPECO - OESTE - RS";"LD2365        ";0;"VARILUX XR DESIGN ORMA BLUE UV";"SONIA";"5.101  ";2;326,83
13612356;2023-09-14;47;;"SETOR 3 - CHAPECO - OESTE - RS";"LD2365        ";0;"VARILUX XR DESIGN ORMA BLUE UV";"MARCELO";"5.101  ";2;397,5
13612501;2023-09-14;1419;;"SETOR 5 - BLUMENAU - VALE";"LD2410        ";0;"VARILUX XR PRO AIRWEAR XPERIO CINZA";"ROSEMERI - JANE";"5.101  ";2;245,62
13614212;2023-09-15;709;;"SETOR 3 - CHAPECO - OESTE - RS";"LD2415        ";1;"VARILUX XR PRO STYLIS 1.67 TGEN8 CINZA";"A";"6.101  ";2;2871
13614257;2023-09-19;709;;"SETOR 3 - CHAPECO - OESTE - RS";"LD2415        ";1;"VARILUX XR PRO STYLIS 1.67 TGEN8 CINZA";"A";"6.101  ";2;249,91
13614421;2023-09-20;3324;77;"SETOR 6 - B CAMBORIU - LITORAL";"LD2493        ";0;"VARILUX XR DESIGN AIRWEAR COLOR";"CAROL MAYER";"5.101  ";2;219,71
13614770;2023-09-19;290;;"SETOR 1 - FLORIANOPOLIS REDES";"LD2365        ";0;"VARILUX XR DESIGN ORMA BLUE UV";"RAFAELA";"5.101  ";2;667
13614810;2023-09-19;290;;"SETOR 1 - FLORIANOPOLIS REDES";"LD2365        ";0;"VARILUX XR DESIGN ORMA BLUE UV";"RAFAELA";"5.101  ";2;234,2
13615909;2023-09-21;290;;"SETOR 1 - FLORIANOPOLIS REDES";"LD2370        ";1;"VARILUX XR DESIGN AIRWEAR TGEN8 CINZA";"GERVASIO";"5.101  ";2;1072
13615927;2023-09-26;290;;"SETOR 1 - FLORIANOPOLIS REDES";"LD2370        ";1;"VARILUX XR DESIGN AIRWEAR TGEN8 CINZA";"GERVASIO";"5.101  ";2;239,93
13616259;2023-09-18;1419;;"SETOR 5 - BLUMENAU - VALE";"LD2373        ";1;"VARILUX XR DESIGN STYLIS 1.67 TGEN8 CINZA";"KIM-CRISTA";"5.101  ";2;189,41
13617734;2023-09-19;1419;;"SETOR 5 - BLUMENAU - VALE";"LD2395        ";0;"VARILUX XR TRACK AIRWEAR XPERIO MARROM";"SAMARA- IVONE";"5.101  ";2;241,77
13619072;2023-09-19;198;;"SETOR 3 - CHAPECO - OESTE - RS";"LD2365        ";0;"VARILUX XR DESIGN ORMA BLUE UV";"BERNARDO";"6.101  ";2;506,92
13619369;2023-09-20;2273;77;"SETOR 6 - B CAMBORIU - LITORAL";"LD2370        ";1;"VARILUX XR DESIGN AIRWEAR TGEN8 CINZA";"MAYARA";"5.101  ";2;1009,68
13619955;2023-09-19;198;;"SETOR 3 - CHAPECO - OESTE - RS";"LD2365        ";0;"VARILUX XR DESIGN ORMA BLUE UV";"BERNARDO";"6.101  ";2;604,2
13620126;2023-09-21;2273;77;"SETOR 6 - B CAMBORIU - LITORAL";"LD2365        ";0;"VARILUX XR DESIGN ORMA BLUE UV";"MAYARA";"5.101  ";2;667,8
13620959;2023-09-26;2273;77;"SETOR 6 - B CAMBORIU - LITORAL";"LD2365        ";0;"VARILUX XR DESIGN ORMA BLUE UV";"MAYARA";"5.101  ";2;667,8
13621244;2023-09-21;1704;;"SETOR 1 - FLORIANOPOLIS REDES";"LD2493        ";0;"VARILUX XR DESIGN AIRWEAR COLOR";"KAREN";"5.101  ";2;200,04
13622547;2023-09-21;198;;"SETOR 3 - CHAPECO - OESTE - RS";"LD2365        ";0;"VARILUX XR DESIGN ORMA BLUE UV";"BERNARDO";"6.101  ";2;604,2
13622559;2023-09-22;198;;"SETOR 3 - CHAPECO - OESTE - RS";"LD2417        ";0;"VARILUX XR DESIGN ORMA COLOR";"BERNARDO";"6.101  ";2;190,26
13622887;2023-09-21;4382;77;"SETOR 6 - B CAMBORIU - LITORAL";"LD2366        ";1;"VARILUX XR DESIGN ORMA TGEN8 CINZA";"LUANA";"5.101  ";2;428,82
13622913;2023-09-25;4382;77;"SETOR 6 - B CAMBORIU - LITORAL";"LD2370        ";1;"VARILUX XR DESIGN AIRWEAR TGEN8 CINZA";"LUANA";"5.101  ";2;900,48
13622931;2023-09-23;4382;77;"SETOR 6 - B CAMBORIU - LITORAL";"LD2370        ";1;"VARILUX XR DESIGN AIRWEAR TGEN8 CINZA";"LUANA";"5.101  ";2;239,93
13622944;2023-09-23;4382;77;"SETOR 6 - B CAMBORIU - LITORAL";"LD2371        ";0;"VARILUX XR DESIGN AIRWEAR BLUE UV";"LUANA";"5.101  ";2;637,56
13622945;2023-09-25;4382;77;"SETOR 6 - B CAMBORIU - LITORAL";"LD2371        ";0;"VARILUX XR DESIGN AIRWEAR BLUE UV";"LUANA";"5.101  ";2;236,01
13623246;2023-09-22;4752;;"SETOR 3 - CHAPECO - OESTE - RS";"LD2365        ";0;"VARILUX XR DESIGN ORMA BLUE UV";"CARLA";"5.101  ";2;667
13623652;2023-10-03;1281;;"SETOR 3 - CHAPECO - OESTE - RS";"LD2547        ";1;"VARILUX XR DESIGN STYLIS 1.74 TGEN8 CINZA";"SILVANA";"6.102  ";2;2014,88
13623895;2023-09-27;1281;;"SETOR 3 - CHAPECO - OESTE - RS";"LD2547        ";1;"VARILUX XR DESIGN STYLIS 1.74 TGEN8 CINZA";"SILVANA";"6.102  ";2;249,88
13624145;2023-09-19;291;199;"SETOR 4 - JOINVILLE - NORTE";"LD2393        ";0;"VARILUX XR TRACK ORMA BLUE UV";"CAMILA";"5.101  ";2;940,5
13624160;2023-09-21;291;199;"SETOR 4 - JOINVILLE - NORTE";"LD2420        ";0;"VARILUX XR TRACK ORMA COLOR";"CAMILA";"5.101  ";2;213,39
13624890;2023-09-25;4382;77;"SETOR 6 - B CAMBORIU - LITORAL";"LD2365        ";0;"VARILUX XR DESIGN ORMA BLUE UV";"LUANA";"5.101  ";2;486,91
13624912;2023-09-26;4382;77;"SETOR 6 - B CAMBORIU - LITORAL";"LD2365        ";0;"VARILUX XR DESIGN ORMA BLUE UV";"LUANA";"5.101  ";2;234,2
13625027;2023-09-21;1464;;"SETOR 5 - BLUMENAU - VALE";"LD2365        ";0;"VARILUX XR DESIGN ORMA BLUE UV";"ESPECIALISTA ";"5.101  ";2;709
13625052;2023-09-20;1464;;"SETOR 5 - BLUMENAU - VALE";"LD2365        ";0;"VARILUX XR DESIGN ORMA BLUE UV";"ESPECIALISTA ";"5.101  ";2;160,84
13625339;2023-09-22;1419;;"SETOR 5 - BLUMENAU - VALE";"LD2373        ";1;"VARILUX XR DESIGN STYLIS 1.67 TGEN8 CINZA";"KIM-DANIEL";"5.101  ";2;189,41
13625654;2023-09-27;198;;"SETOR 3 - CHAPECO - OESTE - RS";"LD2365        ";0;"VARILUX XR DESIGN ORMA BLUE UV";"BERNARDO";"6.101  ";2;604,2
13625911;2023-09-20;2273;77;"SETOR 6 - B CAMBORIU - LITORAL";"LD2365        ";0;"VARILUX XR DESIGN ORMA BLUE UV";"MAYARA";"5.101  ";2;290,17
13625977;2023-09-20;2273;77;"SETOR 6 - B CAMBORIU - LITORAL";"LD2365        ";0;"VARILUX XR DESIGN ORMA BLUE UV";"MAYARA";"5.101  ";2;290,17
13625996;2023-09-22;709;;"SETOR 3 - CHAPECO - OESTE - RS";"LD2393        ";0;"VARILUX XR TRACK ORMA BLUE UV";"JULIA";"6.101  ";2;672,5
13626712;2023-09-22;290;;"SETOR 1 - FLORIANOPOLIS REDES";"LD2365        ";0;"VARILUX XR DESIGN ORMA BLUE UV";"GERVASIO";"5.101  ";2;333,5
13627605;2023-09-20;291;199;"SETOR 4 - JOINVILLE - NORTE";"LD2393        ";0;"VARILUX XR TRACK ORMA BLUE UV";"CAMILA";"5.101  ";2;940,5
13627606;2023-09-26;421;198;"SETOR 6 - B CAMBORIU - LITORAL";"LD2370        ";1;"VARILUX XR DESIGN AIRWEAR TGEN8 CINZA";"MARCOS";"5.101  ";2;1072
13627618;2023-09-20;291;199;"SETOR 4 - JOINVILLE - NORTE";"LD2393        ";0;"VARILUX XR TRACK ORMA BLUE UV";"CAMILA";"5.101  ";2;209,17
13628589;2023-09-25;1318;;"SETOR 5 - BLUMENAU - VALE";"LD2372        ";0;"VARILUX XR DESIGN STYLIS 1.67 BLUE UV";"KETTRIN";"5.101  ";2;249,81
13629927;2023-09-27;4382;77;"SETOR 6 - B CAMBORIU - LITORAL";"LD2365        ";0;"VARILUX XR DESIGN ORMA BLUE UV";"LUANA";"5.101  ";2;486,91
13630507;2023-09-26;213;;"SETOR 2 - CRICIUMA - SUL";"LD2370        ";1;"VARILUX XR DESIGN AIRWEAR TGEN8 CINZA";"NILTON";"5.101  ";2;1202
13630567;2023-09-26;213;;"SETOR 2 - CRICIUMA - SUL";"LD2370        ";1;"VARILUX XR DESIGN AIRWEAR TGEN8 CINZA";"NILTON";"5.101  ";2;92,24
13632433;2023-09-25;3325;77;"SETOR 5 - BLUMENAU - VALE";"LD2371        ";0;"VARILUX XR DESIGN AIRWEAR BLUE UV";"JULIANA CARDOSO ";"5.101  ";2;554,07
13632479;2023-09-25;3325;77;"SETOR 5 - BLUMENAU - VALE";"LD2371        ";0;"VARILUX XR DESIGN AIRWEAR BLUE UV";"JULIANA CARDOSO ";"5.101  ";2;236,01
13633073;2023-09-26;709;;"SETOR 3 - CHAPECO - OESTE - RS";"LD2401        ";1;"VARILUX XR TRACK STYLIS 1.67 TGEN8 CINZA";"A";"6.101  ";2;1494,48
13633090;2023-09-28;709;;"SETOR 3 - CHAPECO - OESTE - RS";"LD2396        ";0;"VARILUX XR TRACK AIRWEAR XPERIO CINZA";"A";"6.101  ";2;249,99
13633106;2023-09-22;450;;"SETOR 3 - CHAPECO - OESTE - RS";"LD2365        ";0;"VARILUX XR DESIGN ORMA BLUE UV";"MILANE";"5.101  ";2;326,83
13633137;2023-09-22;2273;77;"SETOR 6 - B CAMBORIU - LITORAL";"LD2365        ";0;"VARILUX XR DESIGN ORMA BLUE UV";"MAYARA";"5.101  ";2;290,17
13633164;2023-09-26;198;;"SETOR 3 - CHAPECO - OESTE - RS";"LD2365        ";0;"VARILUX XR DESIGN ORMA BLUE UV";"BERNARDO";"6.101  ";2;604,2
13633172;2023-09-22;709;;"SETOR 3 - CHAPECO - OESTE - RS";"LD2393        ";0;"VARILUX XR TRACK ORMA BLUE UV";"A";"6.101  ";2;357,63
13633197;2023-09-26;198;;"SETOR 3 - CHAPECO - OESTE - RS";"LD2417        ";0;"VARILUX XR DESIGN ORMA COLOR";"BERNARDO";"6.101  ";2;125,64
13633740;2023-09-25;2104;234;"SETOR 4 - JOINVILLE - NORTE";"LD2365        ";0;"VARILUX XR DESIGN ORMA BLUE UV";"KEILA";"5.101  ";2;795
13633794;2023-09-27;4154;77;"SETOR 6 - B CAMBORIU - LITORAL";"LD2365        ";0;"VARILUX XR DESIGN ORMA BLUE UV";"ANA CAROLINA";"5.101  ";2;486,91
13633825;2023-09-29;4154;77;"SETOR 6 - B CAMBORIU - LITORAL";"LD2417        ";0;"VARILUX XR DESIGN ORMA COLOR";"ANA CAROLINA";"5.101  ";2;195,56
13633905;2023-09-29;214;;"SETOR 6 - B CAMBORIU - LITORAL";"LD2416        ";0;"VARILUX XR PRO STYLIS 1.74 BLUE UV";"33830143";"5.102  ";2;213,36
13633985;2023-09-27;213;;"SETOR 2 - CRICIUMA - SUL";"LD2365        ";0;"VARILUX XR DESIGN ORMA BLUE UV";"JOAREZ";"5.101  ";2;795
13633993;2023-09-28;213;;"SETOR 2 - CRICIUMA - SUL";"LD2417        ";0;"VARILUX XR DESIGN ORMA COLOR";"JOAREZ";"5.101  ";2;106,56
13634094;2023-09-26;840;37;"SETOR 1 - FLORIANOPOLIS REDES";"LD2366        ";1;"VARILUX XR DESIGN ORMA TGEN8 CINZA";"CINTIA";"5.101  ";2;1021
13634108;2023-09-27;840;37;"SETOR 1 - FLORIANOPOLIS REDES";"LD2366        ";1;"VARILUX XR DESIGN ORMA TGEN8 CINZA";"CINTIA";"5.101  ";2;175,06
13634413;2023-09-27;1270;;"SETOR 5 - BLUMENAU - VALE";"LD2365        ";0;"VARILUX XR DESIGN ORMA BLUE UV";"RAFAEL";"5.101  ";2;709
13634419;2023-09-27;1270;;"SETOR 5 - BLUMENAU - VALE";"LD2365        ";0;"VARILUX XR DESIGN ORMA BLUE UV";"RAFAEL";"5.101  ";2;154,67
13634466;2023-09-27;1270;;"SETOR 5 - BLUMENAU - VALE";"LD2365        ";0;"VARILUX XR DESIGN ORMA BLUE UV";"RAFAEL";"5.101  ";2;709
13634479;2023-09-28;1270;;"SETOR 5 - BLUMENAU - VALE";"LD2417        ";0;"VARILUX XR DESIGN ORMA COLOR";"RAFAEL";"5.101  ";2;190,18
13634519;2023-09-27;3325;77;"SETOR 5 - BLUMENAU - VALE";"LD2371        ";0;"VARILUX XR DESIGN AIRWEAR BLUE UV";"INDIANARA BORG";"5.101  ";2;554,07
13634544;2023-10-03;3325;77;"SETOR 5 - BLUMENAU - VALE";"LD2493        ";0;"VARILUX XR DESIGN AIRWEAR COLOR";"INDIANARA BORG";"5.101  ";2;211,19
13635166;2023-09-28;1318;;"SETOR 5 - BLUMENAU - VALE";"LD2373        ";1;"VARILUX XR DESIGN STYLIS 1.67 TGEN8 CINZA";"KETTRIN";"5.102  ";2;198,05
13636015;2023-09-26;198;;"SETOR 3 - CHAPECO - OESTE - RS";"LD2366        ";1;"VARILUX XR DESIGN ORMA TGEN8 CINZA";"BERNARDO";"6.101  ";2;842,08
13636333;2023-09-25;2273;77;"SETOR 6 - B CAMBORIU - LITORAL";"LD2365        ";0;"VARILUX XR DESIGN ORMA BLUE UV";"MAYARA";"5.101  ";2;290,17
13636746;2023-09-29;1704;;"SETOR 1 - FLORIANOPOLIS REDES";"LD2371        ";0;"VARILUX XR DESIGN AIRWEAR BLUE UV";"ERNANDE";"5.101  ";2;166,42
13636960;2023-09-29;4382;77;"SETOR 6 - B CAMBORIU - LITORAL";"LD2371        ";0;"VARILUX XR DESIGN AIRWEAR BLUE UV";"LUANA";"5.101  ";2;584,73
13636977;2023-09-29;4382;77;"SETOR 6 - B CAMBORIU - LITORAL";"LD2371        ";0;"VARILUX XR DESIGN AIRWEAR BLUE UV";"LUANA";"5.101  ";2;161,75
13638274;2023-09-28;1318;;"SETOR 5 - BLUMENAU - VALE";"LD2372        ";0;"VARILUX XR DESIGN STYLIS 1.67 BLUE UV";"KETTRIN";"5.101  ";2;189
13638278;2023-09-28;214;;"SETOR 6 - B CAMBORIU - LITORAL";"LD2368        ";0;"VARILUX XR DESIGN AIR XPERIO CINZA";;"5.101  ";2;1044
13638835;2023-09-26;3324;77;"SETOR 6 - B CAMBORIU - LITORAL";"LD2365        ";0;"VARILUX XR DESIGN ORMA BLUE UV";"ANA PAULA";"5.101  ";2;243,45
13639886;2023-09-27;47;;"SETOR 3 - CHAPECO - OESTE - RS";"LD2371        ";0;"VARILUX XR DESIGN AIRWEAR BLUE UV";"MARCELO";"5.101  ";2;888
13639921;2023-09-29;47;;"SETOR 3 - CHAPECO - OESTE - RS";"LD2493        ";0;"VARILUX XR DESIGN AIRWEAR COLOR";"MARCELO";"5.101  ";2;202,65
13639961;2023-09-27;1419;;"SETOR 5 - BLUMENAU - VALE";"LD2365        ";0;"VARILUX XR DESIGN ORMA BLUE UV";"SAMARA- RAQUEL";"5.101  ";2;715,5
13639964;2023-09-28;198;;"SETOR 3 - CHAPECO - OESTE - RS";"LD2365        ";0;"VARILUX XR DESIGN ORMA BLUE UV";"BERNARDO";"6.101  ";2;604,2
13640592;2023-09-28;1704;;"SETOR 1 - FLORIANOPOLIS REDES";"LD2384        ";1;"VARILUX XR DESIGN FIT EYE AIRWEAR TGEN8 CINZA";"ANDREIA";"5.101  ";2;247,55
13641863;2023-10-06;198;;"SETOR 3 - CHAPECO - OESTE - RS";"LD2371        ";0;"VARILUX XR DESIGN AIRWEAR BLUE UV";"BERNARDO";"6.101  ";2;608,76
13642500;2023-09-28;634;;"SETOR 6 - B CAMBORIU - LITORAL";"LD2365        ";0;"VARILUX XR DESIGN ORMA BLUE UV";"33868774";"5.101  ";2;560,28
13643080;2023-09-29;290;;"SETOR 1 - FLORIANOPOLIS REDES";"LD2365        ";0;"VARILUX XR DESIGN ORMA BLUE UV";"GERVASIO";"5.101  ";2;333,5
13643282;2023-09-29;3325;77;"SETOR 5 - BLUMENAU - VALE";"LD2366        ";1;"VARILUX XR DESIGN ORMA TGEN8 CINZA";"INDIANARA BORG";"5.101  ";2;357,33
13643291;2023-10-03;198;;"SETOR 3 - CHAPECO - OESTE - RS";"LD2365        ";0;"VARILUX XR DESIGN ORMA BLUE UV";"BERNARDO";"6.101  ";2;604,2
13643513;2023-09-28;2273;77;"SETOR 6 - B CAMBORIU - LITORAL";"LD2365        ";0;"VARILUX XR DESIGN ORMA BLUE UV";"BRUNA";"5.101  ";2;290,17
13643577;2023-09-29;2273;77;"SETOR 6 - B CAMBORIU - LITORAL";"LD2365        ";0;"VARILUX XR DESIGN ORMA BLUE UV";"BRUNA";"5.101  ";2;580,35
13643588;2023-10-04;2273;77;"SETOR 6 - B CAMBORIU - LITORAL";"LD2365        ";0;"VARILUX XR DESIGN ORMA BLUE UV";"BRUNA";"5.101  ";2;190,55
13644580;2023-10-02;198;;"SETOR 3 - CHAPECO - OESTE - RS";"LD2366        ";1;"VARILUX XR DESIGN ORMA TGEN8 CINZA";"BERNARDO";"6.101  ";2;842,08
13645358;2023-09-29;4752;;"SETOR 3 - CHAPECO - OESTE - RS";"LD2365        ";0;"VARILUX XR DESIGN ORMA BLUE UV";"CARLA";"5.101  ";2;667
13645364;2023-10-09;4752;;"SETOR 3 - CHAPECO - OESTE - RS";"LD2417        ";0;"VARILUX XR DESIGN ORMA COLOR";"CARLA";"5.101  ";2;195,56
13646009;2023-09-29;1742;56;"SETOR 5 - BLUMENAU - VALE";"LD2365        ";0;"VARILUX XR DESIGN ORMA BLUE UV";"JOãO PAULO MOMM DA SILVA";"5.101  ";2;144,25
13646322;2023-10-02;3324;77;"SETOR 6 - B CAMBORIU - LITORAL";"LD2365        ";0;"VARILUX XR DESIGN ORMA BLUE UV";"ANA PAULA";"5.101  ";2;486,91
13646360;2023-10-02;3324;77;"SETOR 6 - B CAMBORIU - LITORAL";"LD2417        ";0;"VARILUX XR DESIGN ORMA COLOR";"ANA PAULA";"5.101  ";2;195,56
13646854;2023-10-02;290;;"SETOR 1 - FLORIANOPOLIS REDES";"LD2365        ";0;"VARILUX XR DESIGN ORMA BLUE UV";"GERVASIO";"5.101  ";2;333,5
13647464;2023-09-29;654;195;"SETOR 2 - CRICIUMA - SUL";"LD2365        ";0;"VARILUX XR DESIGN ORMA BLUE UV";"SANDY";"5.101  ";2;595,56
13647532;2023-09-29;654;195;"SETOR 2 - CRICIUMA - SUL";"LD2365        ";0;"VARILUX XR DESIGN ORMA BLUE UV";"SANDY";"5.101  ";2;154,67
13649344;2023-10-02;2104;234;"SETOR 4 - JOINVILLE - NORTE";"LD2365        ";0;"VARILUX XR DESIGN ORMA BLUE UV";"KEILA";"5.101  ";2;397,5
13649446;2023-09-29;47;;"SETOR 3 - CHAPECO - OESTE - RS";"LD2365        ";0;"VARILUX XR DESIGN ORMA BLUE UV";"MARCELO";"5.101  ";2;795
13649455;2023-09-29;47;;"SETOR 3 - CHAPECO - OESTE - RS";"LD2365        ";0;"VARILUX XR DESIGN ORMA BLUE UV";"MARCELO";"5.101  ";2;249,63
13649479;2023-09-29;47;;"SETOR 3 - CHAPECO - OESTE - RS";"LD2365        ";0;"VARILUX XR DESIGN ORMA BLUE UV";"MARCELO";"5.101  ";2;795
13649495;2023-09-29;47;;"SETOR 3 - CHAPECO - OESTE - RS";"LD2365        ";0;"VARILUX XR DESIGN ORMA BLUE UV";"MARCELO";"5.101  ";2;249,63
13651071;2023-10-02;2104;234;"SETOR 4 - JOINVILLE - NORTE";"LD2365        ";0;"VARILUX XR DESIGN ORMA BLUE UV";"KEILA";"5.101  ";2;397,5
13652589;2023-10-04;4382;77;"SETOR 6 - B CAMBORIU - LITORAL";"LD2371        ";0;"VARILUX XR DESIGN AIRWEAR BLUE UV";"DIANESSA";"5.101  ";2;554,07
13652677;2023-10-10;4382;77;"SETOR 6 - B CAMBORIU - LITORAL";"LD2371        ";0;"VARILUX XR DESIGN AIRWEAR BLUE UV";"DIANESSA";"5.101  ";2;210,45
13653374;2023-10-06;4132;77;"SETOR 6 - B CAMBORIU - LITORAL";"LD2365        ";0;"VARILUX XR DESIGN ORMA BLUE UV";"GISELE ";"5.101  ";2;486,91
13653518;2023-10-06;4382;77;"SETOR 6 - B CAMBORIU - LITORAL";"LD2366        ";1;"VARILUX XR DESIGN ORMA TGEN8 CINZA";"VINICIOS";"5.101  ";2;714,67
13653519;2023-10-13;4382;77;"SETOR 6 - B CAMBORIU - LITORAL";"LD2366        ";1;"VARILUX XR DESIGN ORMA TGEN8 CINZA";"VINICIOS";"5.101  ";2;249,76
13653819;2023-10-05;4752;;"SETOR 3 - CHAPECO - OESTE - RS";"LD2365        ";0;"VARILUX XR DESIGN ORMA BLUE UV";"CARLA";"5.101  ";2;667
13653834;2023-10-05;4752;;"SETOR 3 - CHAPECO - OESTE - RS";"LD2365        ";0;"VARILUX XR DESIGN ORMA BLUE UV";"CARLA";"5.101  ";2;234,2
13653962;2023-10-04;291;199;"SETOR 4 - JOINVILLE - NORTE";"LD2366        ";1;"VARILUX XR DESIGN ORMA TGEN8 CINZA";"CAMILA";"5.101  ";2;997,2
13653983;2023-10-03;291;199;"SETOR 4 - JOINVILLE - NORTE";"LD2362        ";0;"VARILUX XR DESIGN ORMA XPERIO MARROM";"CAMILA";"5.102  ";2;187,55
13654153;2023-10-05;290;;"SETOR 1 - FLORIANOPOLIS REDES";"LD2371        ";0;"VARILUX XR DESIGN AIRWEAR BLUE UV";"GERVASIO";"5.101  ";2;379,5
13654165;2023-10-05;4752;;"SETOR 3 - CHAPECO - OESTE - RS";"LD2371        ";0;"VARILUX XR DESIGN AIRWEAR BLUE UV";"CARLA";"5.101  ";2;759
13654177;2023-10-05;290;;"SETOR 1 - FLORIANOPOLIS REDES";"LD2371        ";0;"VARILUX XR DESIGN AIRWEAR BLUE UV";"GERVASIO";"5.101  ";2;759
13654339;2023-10-04;314;31;"SETOR 5 - BLUMENAU - VALE";"LD2365        ";0;"VARILUX XR DESIGN ORMA BLUE UV";"ROGERIO";"5.101  ";2;198,95
13654447;2023-10-03;1419;;"SETOR 5 - BLUMENAU - VALE";"LD2365        ";0;"VARILUX XR DESIGN ORMA BLUE UV";"KIM-MARINILZA ";"5.101  ";2;715,5
13654454;2023-10-06;1419;;"SETOR 5 - BLUMENAU - VALE";"LD2417        ";0;"VARILUX XR DESIGN ORMA COLOR";"KIM-MARINILZA ";"5.101  ";2;204,24
13654490;2023-10-06;3325;77;"SETOR 5 - BLUMENAU - VALE";"LD2371        ";0;"VARILUX XR DESIGN AIRWEAR BLUE UV";"JULIANA CARDOSO ";"5.101  ";2;554,07
13654873;2023-10-09;1318;;"SETOR 5 - BLUMENAU - VALE";"LD2367        ";0;"VARILUX XR DESIGN AIRWEAR XPERIO MARROM";"KETTRIN";"5.101  ";2;239,88
13654973;2023-10-04;2104;234;"SETOR 4 - JOINVILLE - NORTE";"LD2365        ";0;"VARILUX XR DESIGN ORMA BLUE UV";"KEILA";"5.101  ";2;354,5
13655441;2023-10-10;1419;;"SETOR 5 - BLUMENAU - VALE";"LD2374        ";0;"VARILUX XR DESIGN STY 1.74 BLUE UV";"KIM-NORMELIA";"5.102  ";2;191,48
13655945;2023-10-05;2104;234;"SETOR 4 - JOINVILLE - NORTE";"LD2371        ";0;"VARILUX XR DESIGN AIRWEAR BLUE UV";"KEILA";"5.101  ";2;801
13655959;2023-10-06;2104;234;"SETOR 4 - JOINVILLE - NORTE";"LD2493        ";0;"VARILUX XR DESIGN AIRWEAR COLOR";"KEILA";"5.101  ";2;199,96
13656512;2023-10-05;198;;"SETOR 3 - CHAPECO - OESTE - RS";"LD2365        ";0;"VARILUX XR DESIGN ORMA BLUE UV";"BERNARDO";"6.101  ";2;604,2
13657817;2023-10-06;290;;"SETOR 1 - FLORIANOPOLIS REDES";"LD2365        ";0;"VARILUX XR DESIGN ORMA BLUE UV";"RAFAELA";"5.101  ";2;333,5
13658101;2023-10-06;450;;"SETOR 3 - CHAPECO - OESTE - RS";"LD2491        ";0;"VARILUX XR PRO AIRWEAR COLOR";"MARCIO";"5.101  ";2;230,09
13659163;2023-10-09;213;;"SETOR 2 - CRICIUMA - SUL";"LD2372        ";0;"VARILUX XR DESIGN STYLIS 1.67 BLUE UV";"CRISTINA";"5.101  ";2;1485
13659220;2023-10-09;213;;"SETOR 2 - CRICIUMA - SUL";"LD2493        ";0;"VARILUX XR DESIGN AIRWEAR COLOR";"CRISTINA";"5.101  ";2;118,55
13659454;2023-10-06;198;;"SETOR 3 - CHAPECO - OESTE - RS";"LD2365        ";0;"VARILUX XR DESIGN ORMA BLUE UV";"BERNARDO";"6.101  ";2;604,2
13659488;2023-10-06;198;;"SETOR 3 - CHAPECO - OESTE - RS";"LD2365        ";0;"VARILUX XR DESIGN ORMA BLUE UV";"BERNARDO";"6.101  ";2;604,2
13659777;2023-10-06;291;199;"SETOR 4 - JOINVILLE - NORTE";"LD2365        ";0;"VARILUX XR DESIGN ORMA BLUE UV";"CAMILA";"5.101  ";2;638,1
13659823;2023-10-06;291;199;"SETOR 4 - JOINVILLE - NORTE";"LD2365        ";0;"VARILUX XR DESIGN ORMA BLUE UV";"CAMILA";"5.101  ";2;160,84
13659993;2023-10-09;4132;77;"SETOR 6 - B CAMBORIU - LITORAL";"LD2365        ";0;"VARILUX XR DESIGN ORMA BLUE UV";"GISELE ";"5.101  ";2;486,91
13660218;2023-10-10;4132;77;"SETOR 6 - B CAMBORIU - LITORAL";"LD2417        ";0;"VARILUX XR DESIGN ORMA COLOR";"GISELE ";"5.101  ";2;190,26
13660811;2023-10-10;1419;;"SETOR 5 - BLUMENAU - VALE";"LD2400        ";0;"VARILUX XR TRACK STYLIS 1.67 BLUE UV";"JONAS - JANE";"5.101  ";2;187,64
13661051;2023-10-09;290;;"SETOR 1 - FLORIANOPOLIS REDES";"LD2366        ";1;"VARILUX XR DESIGN ORMA TGEN8 CINZA";"RAFAELA";"5.101  ";2;979
13661083;2023-10-09;290;;"SETOR 1 - FLORIANOPOLIS REDES";"LD2366        ";1;"VARILUX XR DESIGN ORMA TGEN8 CINZA";"RAFAELA";"5.101  ";2;161,87
13662213;2023-10-10;2104;234;"SETOR 4 - JOINVILLE - NORTE";"LD2371        ";0;"VARILUX XR DESIGN AIRWEAR BLUE UV";"KEILA";"5.101  ";2;801
13663703;2023-10-10;2273;77;"SETOR 6 - B CAMBORIU - LITORAL";"LD2371        ";0;"VARILUX XR DESIGN AIRWEAR BLUE UV";"MAYARA";"5.101  ";2;554,07
13664844;2023-10-11;198;;"SETOR 3 - CHAPECO - OESTE - RS";"LD2372        ";0;"VARILUX XR DESIGN STYLIS 1.67 BLUE UV";"BERNARDO";"6.101  ";2;1128,6
13665024;2023-10-11;3324;77;"SETOR 6 - B CAMBORIU - LITORAL";"LD2365        ";0;"VARILUX XR DESIGN ORMA BLUE UV";"ANA PAULA";"5.101  ";2;486,91
13665116;2023-10-11;3324;77;"SETOR 6 - B CAMBORIU - LITORAL";"LD2365        ";0;"VARILUX XR DESIGN ORMA BLUE UV";"ANA PAULA";"5.101  ";2;210,16
13665926;2023-10-19;654;195;"SETOR 2 - CRICIUMA - SUL";"LD2393        ";0;"VARILUX XR TRACK ORMA BLUE UV";"SANDY";"5.101  ";2;770,28
13665966;2023-10-13;654;195;"SETOR 2 - CRICIUMA - SUL";"LD2393        ";0;"VARILUX XR TRACK ORMA BLUE UV";"SANDY";"5.101  ";2;158,1
13666389;2023-10-13;654;195;"SETOR 2 - CRICIUMA - SUL";"LD2393        ";0;"VARILUX XR TRACK ORMA BLUE UV";"ALESSANDRA";"5.101  ";2;805,56
13666405;2023-10-11;654;195;"SETOR 2 - CRICIUMA - SUL";"LD2420        ";0;"VARILUX XR TRACK ORMA COLOR";"ALESSANDRA";"5.101  ";2;206,13
13667085;2023-10-13;1704;;"SETOR 1 - FLORIANOPOLIS REDES";"LD2398        ";1;"VARILUX XR TRACK AIRWEAR TGEN8 CINZA";"ERNANDE";"5.101  ";2;241,78
13668088;2023-10-16;3325;77;"SETOR 5 - BLUMENAU - VALE";"LD2371        ";0;"VARILUX XR DESIGN AIRWEAR BLUE UV";"JULIANA CARDOSO ";"5.101  ";2;554,07
13668099;2023-10-19;3325;77;"SETOR 5 - BLUMENAU - VALE";"LD2371        ";0;"VARILUX XR DESIGN AIRWEAR BLUE UV";"JULIANA CARDOSO ";"5.101  ";2;236,01
13668209;2023-10-18;4382;77;"SETOR 6 - B CAMBORIU - LITORAL";"LD2374        ";0;"VARILUX XR DESIGN STY 1.74 BLUE UV";"VINICIOS/MORRETES";"5.102  ";2;1273,12
13668292;2023-10-17;3325;77;"SETOR 5 - BLUMENAU - VALE";"LD2366        ";1;"VARILUX XR DESIGN ORMA TGEN8 CINZA";"JULIANA CARDOSO ";"5.101  ";2;714,67
13668294;2023-10-19;3325;77;"SETOR 5 - BLUMENAU - VALE";"LD2366        ";1;"VARILUX XR DESIGN ORMA TGEN8 CINZA";"JULIANA CARDOSO ";"5.101  ";2;239,02
13668331;2023-10-13;4382;77;"SETOR 6 - B CAMBORIU - LITORAL";"LD2365        ";0;"VARILUX XR DESIGN ORMA BLUE UV";"DIANESSA";"5.101  ";2;486,91
13668350;2023-10-13;4382;77;"SETOR 6 - B CAMBORIU - LITORAL";"LD2365        ";0;"VARILUX XR DESIGN ORMA BLUE UV";"BRUNA";"5.101  ";2;234,2
13668396;2023-10-11;4382;77;"SETOR 6 - B CAMBORIU - LITORAL";"LD2417        ";0;"VARILUX XR DESIGN ORMA COLOR";"VINICIOS/MORRETES";"5.101  ";2;195,56
13668417;2023-10-13;4382;77;"SETOR 6 - B CAMBORIU - LITORAL";"LD2365        ";0;"VARILUX XR DESIGN ORMA BLUE UV";"GISELE/MORRETES";"5.101  ";2;486,91
13668418;2023-10-24;4382;77;"SETOR 6 - B CAMBORIU - LITORAL";"LD2365        ";0;"VARILUX XR DESIGN ORMA BLUE UV";"GISELE/MORRETES";"5.101  ";2;234,2
13668870;2023-10-11;709;;"SETOR 3 - CHAPECO - OESTE - RS";"LD2390        ";0;"VARILUX XR TRACK ORMA XPERIO MARROM";"A";"6.101  ";2;249,99
13670014;2023-10-13;177;12;"SETOR 4 - JOINVILLE - NORTE";"LD2371        ";0;"VARILUX XR DESIGN AIRWEAR BLUE UV";;"5.101  ";2;152,04
13670078;2023-10-16;3325;77;"SETOR 5 - BLUMENAU - VALE";"LD2371        ";0;"VARILUX XR DESIGN AIRWEAR BLUE UV";"INDIANARA BORG";"5.101  ";2;554,07
13670122;2023-10-16;3325;77;"SETOR 5 - BLUMENAU - VALE";"LD2493        ";0;"VARILUX XR DESIGN AIRWEAR COLOR";"INDIANARA BORG";"5.101  ";2;194,91
13670222;2023-10-16;1281;;"SETOR 3 - CHAPECO - OESTE - RS";"LD2365        ";0;"VARILUX XR DESIGN ORMA BLUE UV";"SILVANA";"6.101  ";2;653,66
13670451;2023-10-16;198;;"SETOR 3 - CHAPECO - OESTE - RS";"LD2371        ";0;"VARILUX XR DESIGN AIRWEAR BLUE UV";"BERNARDO";"6.101  ";2;674,88
13670737;2023-10-13;1419;;"SETOR 5 - BLUMENAU - VALE";"LD2365        ";0;"VARILUX XR DESIGN ORMA BLUE UV";"FABIO - JANE";"5.101  ";2;600,3
13670780;2023-10-11;1419;;"SETOR 5 - BLUMENAU - VALE";"LD2417        ";0;"VARILUX XR DESIGN ORMA COLOR";"FABIO - JANE";"5.101  ";2;204,18
13670973;2023-10-16;3325;77;"SETOR 5 - BLUMENAU - VALE";"LD2366        ";1;"VARILUX XR DESIGN ORMA TGEN8 CINZA";"JULIANA CARDOSO ";"5.101  ";2;714,67
13671287;2023-10-13;1742;56;"SETOR 5 - BLUMENAU - VALE";"LD2493        ";0;"VARILUX XR DESIGN AIRWEAR COLOR";"JOãO PAULO MOMM DA SILVA";"5.101  ";2;208,09
13671517;2023-10-13;1270;;"SETOR 5 - BLUMENAU - VALE";"LD2365        ";0;"VARILUX XR DESIGN ORMA BLUE UV";"RAFAEL";"5.101  ";2;795
13671528;2023-10-17;1270;;"SETOR 5 - BLUMENAU - VALE";"LD2365        ";0;"VARILUX XR DESIGN ORMA BLUE UV";"RAFAEL";"5.101  ";2;190,55
13671807;2023-10-16;1281;;"SETOR 3 - CHAPECO - OESTE - RS";"LD2373        ";1;"VARILUX XR DESIGN STYLIS 1.67 TGEN8 CINZA";"SILVANA";"6.101  ";2;1632,68
13671946;2023-10-13;1777;56;"SETOR 5 - BLUMENAU - VALE";"LD2365        ";0;"VARILUX XR DESIGN ORMA BLUE UV";"PAULO";"5.101  ";2;694,82
13671961;2023-10-13;1777;56;"SETOR 5 - BLUMENAU - VALE";"LD2417        ";0;"VARILUX XR DESIGN ORMA COLOR";"PAULO";"5.101  ";2;204,25
13672107;2023-10-17;3325;77;"SETOR 5 - BLUMENAU - VALE";"LD2371        ";0;"VARILUX XR DESIGN AIRWEAR BLUE UV";"INDIANARA BORG";"5.101  ";2;554,07
13672150;2023-10-17;3325;77;"SETOR 5 - BLUMENAU - VALE";"LD2371        ";0;"VARILUX XR DESIGN AIRWEAR BLUE UV";"INDIANARA BORG";"5.101  ";2;236,01
13672326;2023-10-16;1281;;"SETOR 3 - CHAPECO - OESTE - RS";"LD2365        ";0;"VARILUX XR DESIGN ORMA BLUE UV";"SILVANA";"6.101  ";2;653,66
13672617;2023-10-16;1281;;"SETOR 3 - CHAPECO - OESTE - RS";"LD2365        ";0;"VARILUX XR DESIGN ORMA BLUE UV";"SILVANA";"6.101  ";2;653,66
13673030;2023-10-18;4122;234;"SETOR 4 - JOINVILLE - NORTE";"LD2365        ";0;"VARILUX XR DESIGN ORMA BLUE UV";"LEILA";"5.101  ";2;709
13673204;2023-10-18;3325;77;"SETOR 5 - BLUMENAU - VALE";"LD2371        ";0;"VARILUX XR DESIGN AIRWEAR BLUE UV";"JULIANA CARDOSO ";"5.101  ";2;554,07
13673221;2023-10-17;3325;77;"SETOR 5 - BLUMENAU - VALE";"LD2371        ";0;"VARILUX XR DESIGN AIRWEAR BLUE UV";"JULIANA CARDOSO ";"5.101  ";2;236,01
13673439;2023-10-16;198;;"SETOR 3 - CHAPECO - OESTE - RS";"LD2365        ";0;"VARILUX XR DESIGN ORMA BLUE UV";"BERNARDO";"6.101  ";2;604,2
13673489;2023-10-16;198;;"SETOR 3 - CHAPECO - OESTE - RS";"LD2366        ";1;"VARILUX XR DESIGN ORMA TGEN8 CINZA";"BERNARDO";"6.101  ";2;842,08
13674149;2023-10-16;3325;77;"SETOR 5 - BLUMENAU - VALE";"LD2370        ";1;"VARILUX XR DESIGN AIRWEAR TGEN8 CINZA";"INDIANARA BORG";"5.101  ";2;782,56
13674180;2023-10-16;3325;77;"SETOR 5 - BLUMENAU - VALE";"LD2370        ";1;"VARILUX XR DESIGN AIRWEAR TGEN8 CINZA";"INDIANARA BORG";"5.101  ";2;239,93
13675472;2023-10-17;213;;"SETOR 2 - CRICIUMA - SUL";"LD2365        ";0;"VARILUX XR DESIGN ORMA BLUE UV";"REGINALDO";"5.101  ";2;397,5
13676639;2023-10-13;291;199;"SETOR 4 - JOINVILLE - NORTE";"LD2365        ";0;"VARILUX XR DESIGN ORMA BLUE UV";"CAMILA";"5.101  ";2;638,1
13676650;2023-10-13;291;199;"SETOR 4 - JOINVILLE - NORTE";"LD2365        ";0;"VARILUX XR DESIGN ORMA BLUE UV";"CAMILA";"5.101  ";2;160,84
13677496;2023-10-18;4382;77;"SETOR 6 - B CAMBORIU - LITORAL";"LD2370        ";1;"VARILUX XR DESIGN AIRWEAR TGEN8 CINZA";"LUANA";"5.101  ";2;782,56
13677510;2023-10-18;4382;77;"SETOR 6 - B CAMBORIU - LITORAL";"LD2370        ";1;"VARILUX XR DESIGN AIRWEAR TGEN8 CINZA";"LUANA";"5.101  ";2;239,93
13677527;2023-10-18;4382;77;"SETOR 6 - B CAMBORIU - LITORAL";"LD2361        ";0;"VARILUX XR DESIGN ORMA XPERIO CINZA";"LUANA";"5.102  ";2;694,96
13677532;2023-10-18;4382;77;"SETOR 6 - B CAMBORIU - LITORAL";"LD2361        ";0;"VARILUX XR DESIGN ORMA XPERIO CINZA";"LUANA";"5.102  ";2;238,95
13677546;2023-10-18;4382;77;"SETOR 6 - B CAMBORIU - LITORAL";"LD2365        ";0;"VARILUX XR DESIGN ORMA BLUE UV";"LUANA";"5.101  ";2;486,91
13677555;2023-10-18;4382;77;"SETOR 6 - B CAMBORIU - LITORAL";"LD2361        ";0;"VARILUX XR DESIGN ORMA XPERIO CINZA";"LUANA";"5.102  ";2;238,95
13677666;2023-10-19;213;;"SETOR 2 - CRICIUMA - SUL";"LD2366        ";1;"VARILUX XR DESIGN ORMA TGEN8 CINZA";"CELSO";"5.101  ";2;1021
13677674;2023-10-20;213;;"SETOR 2 - CRICIUMA - SUL";"LD2366        ";1;"VARILUX XR DESIGN ORMA TGEN8 CINZA";"CELSO";"5.101  ";2;152,78
13678155;2023-10-19;1281;;"SETOR 3 - CHAPECO - OESTE - RS";"LD2365        ";0;"VARILUX XR DESIGN ORMA BLUE UV";"SILVANA";"6.101  ";2;653,66
13678214;2023-10-17;1281;;"SETOR 3 - CHAPECO - OESTE - RS";"LD2361        ";0;"VARILUX XR DESIGN ORMA XPERIO CINZA";"SILVANA";"6.102  ";2;249,99
13678907;2023-10-19;198;;"SETOR 3 - CHAPECO - OESTE - RS";"LD2371        ";0;"VARILUX XR DESIGN AIRWEAR BLUE UV";"BERNARDO";"6.101  ";2;576,84
13679665;2023-10-19;2273;77;"SETOR 6 - B CAMBORIU - LITORAL";"LD2370        ";1;"VARILUX XR DESIGN AIRWEAR TGEN8 CINZA";"MAYARA";"5.101  ";2;782,56
13679703;2023-10-17;2273;77;"SETOR 6 - B CAMBORIU - LITORAL";"LD2493        ";0;"VARILUX XR DESIGN AIRWEAR COLOR";"MAYARA";"5.101  ";2;199,96
13679842;2023-10-23;709;;"SETOR 3 - CHAPECO - OESTE - RS";"LD2403        ";0;"VARILUX XR PRO ORMA XPERIO CINZA";"A";"6.102  ";2;249,99
13680196;2023-10-18;290;;"SETOR 1 - FLORIANOPOLIS REDES";"LD2365        ";0;"VARILUX XR DESIGN ORMA BLUE UV";"RAFAELA";"5.101  ";2;795
13680210;2023-10-19;290;;"SETOR 1 - FLORIANOPOLIS REDES";"LD2365        ";0;"VARILUX XR DESIGN ORMA BLUE UV";"RAFAELA";"5.101  ";2;190,55
13682783;2023-10-20;3325;77;"SETOR 5 - BLUMENAU - VALE";"LD2365        ";0;"VARILUX XR DESIGN ORMA BLUE UV";"INDIANARA BORG";"5.101  ";2;354,8
13682842;2023-10-20;3325;77;"SETOR 5 - BLUMENAU - VALE";"LD2417        ";0;"VARILUX XR DESIGN ORMA COLOR";"INDIANARA BORG";"5.101  ";2;190,19
13683477;2023-10-19;4382;77;"SETOR 6 - B CAMBORIU - LITORAL";"LD2370        ";1;"VARILUX XR DESIGN AIRWEAR TGEN8 CINZA";"LUANA";"5.101  ";2;782,56
13683512;2023-10-18;4382;77;"SETOR 6 - B CAMBORIU - LITORAL";"LD2371        ";0;"VARILUX XR DESIGN AIRWEAR BLUE UV";"LUANA";"5.101  ";2;231,4
13685637;2023-10-23;2273;77;"SETOR 6 - B CAMBORIU - LITORAL";"LD2370        ";1;"VARILUX XR DESIGN AIRWEAR TGEN8 CINZA";"MAYARA";"5.101  ";2;782,56
13685658;2023-10-20;2273;77;"SETOR 6 - B CAMBORIU - LITORAL";"LD2493        ";0;"VARILUX XR DESIGN AIRWEAR COLOR";"MAYARA";"5.101  ";2;199,96
13687170;2023-10-24;1270;;"SETOR 5 - BLUMENAU - VALE";"LD2366        ";1;"VARILUX XR DESIGN ORMA TGEN8 CINZA";"RAFAEL";"5.101  ";2;1108
13687172;2023-10-24;1270;;"SETOR 5 - BLUMENAU - VALE";"LD2366        ";1;"VARILUX XR DESIGN ORMA TGEN8 CINZA";"RAFAEL";"5.101  ";2;204,28
13687202;2023-10-24;1270;;"SETOR 5 - BLUMENAU - VALE";"LD2365        ";0;"VARILUX XR DESIGN ORMA BLUE UV";"RAFAEL";"5.101  ";2;795
13687204;2023-10-24;1270;;"SETOR 5 - BLUMENAU - VALE";"LD2365        ";0;"VARILUX XR DESIGN ORMA BLUE UV";"RAFAEL";"5.101  ";2;190,55
13687324;2023-10-23;4752;;"SETOR 3 - CHAPECO - OESTE - RS";"LD2365        ";0;"VARILUX XR DESIGN ORMA BLUE UV";"CARLA";"5.101  ";2;667
13687327;2023-10-20;291;199;"SETOR 4 - JOINVILLE - NORTE";"LD2365        ";0;"VARILUX XR DESIGN ORMA BLUE UV";"CAMILA";"5.101  ";2;638,1
13687334;2023-10-20;291;199;"SETOR 4 - JOINVILLE - NORTE";"LD2365        ";0;"VARILUX XR DESIGN ORMA BLUE UV";"CAMILA";"5.101  ";2;160,84
13687339;2023-10-23;4752;;"SETOR 3 - CHAPECO - OESTE - RS";"LD2365        ";0;"VARILUX XR DESIGN ORMA BLUE UV";"CARLA";"5.101  ";2;138,95
13688251;2023-10-26;214;;"SETOR 6 - B CAMBORIU - LITORAL";"LD2371        ";0;"VARILUX XR DESIGN AIRWEAR BLUE UV";"34091885";"5.101  ";2;379,5
13688273;2023-10-23;177;12;"SETOR 4 - JOINVILLE - NORTE";"LD2365        ";0;"VARILUX XR DESIGN ORMA BLUE UV";;"5.101  ";2;709
13688276;2023-10-26;177;12;"SETOR 4 - JOINVILLE - NORTE";"LD2365        ";0;"VARILUX XR DESIGN ORMA BLUE UV";;"5.101  ";2;160,84
13688796;2023-10-24;4082;77;"SETOR 6 - B CAMBORIU - LITORAL";"LD2365        ";0;"VARILUX XR DESIGN ORMA BLUE UV";"CARLA";"5.101  ";2;486,91
13688824;2023-10-23;4082;77;"SETOR 6 - B CAMBORIU - LITORAL";"LD2365        ";0;"VARILUX XR DESIGN ORMA BLUE UV";"CARLA";"5.101  ";2;234,2
13690279;2023-10-24;198;;"SETOR 3 - CHAPECO - OESTE - RS";"LD2371        ";0;"VARILUX XR DESIGN AIRWEAR BLUE UV";"BERNARDO";"6.101  ";2;674,88
13691045;2023-10-24;198;;"SETOR 3 - CHAPECO - OESTE - RS";"LD2370        ";1;"VARILUX XR DESIGN AIRWEAR TGEN8 CINZA";"BERNARDO";"6.101  ";2;913,52
13691062;2023-10-25;2273;77;"SETOR 6 - B CAMBORIU - LITORAL";"LD2370        ";1;"VARILUX XR DESIGN AIRWEAR TGEN8 CINZA";"MAYARA";"5.101  ";2;877,46
13691174;2023-10-25;3325;77;"SETOR 5 - BLUMENAU - VALE";"LD2371        ";0;"VARILUX XR DESIGN AIRWEAR BLUE UV";"JULIANA CARDOSO ";"5.101  ";2;554,07
13691289;2023-10-25;3325;77;"SETOR 5 - BLUMENAU - VALE";"LD2371        ";0;"VARILUX XR DESIGN AIRWEAR BLUE UV";"JULIANA CARDOSO ";"5.101  ";2;236,01
13693075;2023-10-25;213;;"SETOR 2 - CRICIUMA - SUL";"LD2371        ";0;"VARILUX XR DESIGN AIRWEAR BLUE UV";"ELANE";"5.101  ";2;444
13694062;2023-10-26;1281;;"SETOR 3 - CHAPECO - OESTE - RS";"LD2365        ";0;"VARILUX XR DESIGN ORMA BLUE UV";"SILVANA";"6.101  ";2;653,66
13694298;2023-10-26;4752;;"SETOR 3 - CHAPECO - OESTE - RS";"LD2366        ";1;"VARILUX XR DESIGN ORMA TGEN8 CINZA";"CARLA";"5.101  ";2;979
13694317;2023-10-26;4752;;"SETOR 3 - CHAPECO - OESTE - RS";"LD2366        ";1;"VARILUX XR DESIGN ORMA TGEN8 CINZA";"CARLA";"5.101  ";2;239,02
13694483;2023-10-24;198;;"SETOR 3 - CHAPECO - OESTE - RS";"LD2365        ";0;"VARILUX XR DESIGN ORMA BLUE UV";"BERNARDO";"6.101  ";2;604,2
13695159;2023-10-27;1270;;"SETOR 5 - BLUMENAU - VALE";"LD2365        ";0;"VARILUX XR DESIGN ORMA BLUE UV";"RAFAEL";"5.101  ";2;795
13695160;2023-10-30;1270;;"SETOR 5 - BLUMENAU - VALE";"LD2417        ";0;"VARILUX XR DESIGN ORMA COLOR";"RAFAEL";"5.101  ";2;190,27
13695434;2023-10-26;2104;234;"SETOR 4 - JOINVILLE - NORTE";"LD2365        ";0;"VARILUX XR DESIGN ORMA BLUE UV";"KEILA";"5.101  ";2;795
13695446;2023-10-27;2104;234;"SETOR 4 - JOINVILLE - NORTE";"LD2417        ";0;"VARILUX XR DESIGN ORMA COLOR";"KEILA";"5.101  ";2;190,26
13695599;2023-10-26;4382;77;"SETOR 6 - B CAMBORIU - LITORAL";"LD2365        ";0;"VARILUX XR DESIGN ORMA BLUE UV";"LUANA";"5.101  ";2;258,78
13696135;2023-10-27;214;;"SETOR 6 - B CAMBORIU - LITORAL";"LD2370        ";1;"VARILUX XR DESIGN AIRWEAR TGEN8 CINZA";"34129815";"5.101  ";2;1072
13696904;2023-10-26;177;12;"SETOR 4 - JOINVILLE - NORTE";"LD2366        ";1;"VARILUX XR DESIGN ORMA TGEN8 CINZA";;"5.101  ";2;1108
13696918;2023-10-26;177;12;"SETOR 4 - JOINVILLE - NORTE";"LD2366        ";1;"VARILUX XR DESIGN ORMA TGEN8 CINZA";;"5.101  ";2;211,13
13697491;2023-10-26;47;;"SETOR 3 - CHAPECO - OESTE - RS";"LD2399        ";0;"VARILUX XR TRACK AIRWEAR BLUE UV";"MARCELO";"5.101  ";2;168,45
13697574;2023-10-27;3325;77;"SETOR 5 - BLUMENAU - VALE";"LD2371        ";0;"VARILUX XR DESIGN AIRWEAR BLUE UV";"JULIANA CARDOSO ";"5.101  ";2;554,07
13697804;2023-10-30;3325;77;"SETOR 5 - BLUMENAU - VALE";"LD2493        ";0;"VARILUX XR DESIGN AIRWEAR COLOR";"JULIANA CARDOSO ";"5.101  ";2;194,91
13699141;2023-10-27;709;;"SETOR 3 - CHAPECO - OESTE - RS";"LD2414        ";0;"VARILUX XR PRO STYLIS 1.67 BLUE UV";"A";"6.101  ";2;249,9
13699546;2023-10-30;198;;"SETOR 3 - CHAPECO - OESTE - RS";"LD2366        ";1;"VARILUX XR DESIGN ORMA TGEN8 CINZA";"BERNARDO";"6.101  ";2;842,08
13699682;2023-10-27;198;;"SETOR 3 - CHAPECO - OESTE - RS";"LD2365        ";0;"VARILUX XR DESIGN ORMA BLUE UV";"BERNARDO";"6.101  ";2;604,2
13700154;2023-10-30;198;;"SETOR 3 - CHAPECO - OESTE - RS";"LD2371        ";0;"VARILUX XR DESIGN AIRWEAR BLUE UV";"BERNARDO";"6.101  ";2;576,84
13700181;2023-10-30;198;;"SETOR 3 - CHAPECO - OESTE - RS";"LD2371        ";0;"VARILUX XR DESIGN AIRWEAR BLUE UV";"BERNARDO";"6.101  ";2;146,87
13700456;2023-10-30;213;;"SETOR 2 - CRICIUMA - SUL";"LD2365        ";0;"VARILUX XR DESIGN ORMA BLUE UV";"MARIA";"5.101  ";2;795
13700464;2023-10-26;213;;"SETOR 2 - CRICIUMA - SUL";"LD2417        ";0;"VARILUX XR DESIGN ORMA COLOR";"MARIA ";"5.101  ";2;115,71
13700618;2023-10-27;1419;;"SETOR 5 - BLUMENAU - VALE";"LD2417        ";0;"VARILUX XR DESIGN ORMA COLOR";"SAMARA- ALAIDE";"5.101  ";2;195,64
13700843;2023-10-26;709;;"SETOR 3 - CHAPECO - OESTE - RS";"LD2403        ";0;"VARILUX XR PRO ORMA XPERIO CINZA";"A";"6.102  ";2;249,99
13702557;2023-10-27;291;199;"SETOR 4 - JOINVILLE - NORTE";"LD2365        ";0;"VARILUX XR DESIGN ORMA BLUE UV";"CAMILA";"5.101  ";2;715,5
13702568;2023-10-30;291;199;"SETOR 4 - JOINVILLE - NORTE";"LD2365        ";0;"VARILUX XR DESIGN ORMA BLUE UV";"CAMILA";"5.101  ";2;198,95
13703109;2023-10-30;1318;;"SETOR 5 - BLUMENAU - VALE";"LD2365        ";0;"VARILUX XR DESIGN ORMA BLUE UV";"KETTRIN";"5.101  ";2;333,5
13703680;2023-10-31;3325;77;"SETOR 5 - BLUMENAU - VALE";"LD2365        ";0;"VARILUX XR DESIGN ORMA BLUE UV";"JULIANA CARDOSO ";"5.101  ";2;429,95
13703882;2023-10-27;47;;"SETOR 3 - CHAPECO - OESTE - RS";"LD2494        ";0;"VARILUX XR DESIGN FIT EYECODE AIRWEAR COLOR";"MARCELO";"5.101  ";2;208,04
13703906;2023-10-27;3325;77;"SETOR 5 - BLUMENAU - VALE";"LD2370        ";1;"VARILUX XR DESIGN AIRWEAR TGEN8 CINZA";"INDIANARA BORG";"5.101  ";2;782,56
13704122;2023-10-30;2273;77;"SETOR 6 - B CAMBORIU - LITORAL";"LD2371        ";0;"VARILUX XR DESIGN AIRWEAR BLUE UV";"MAYARA";"5.101  ";2;648,24
13704147;2023-10-31;2273;77;"SETOR 6 - B CAMBORIU - LITORAL";"LD2493        ";0;"VARILUX XR DESIGN AIRWEAR COLOR";"MAYARA";"5.101  ";2;199,96
13704216;2023-10-30;177;12;"SETOR 4 - JOINVILLE - NORTE";"LD2365        ";0;"VARILUX XR DESIGN ORMA BLUE UV";;"5.101  ";2;709
13704239;2023-10-30;177;12;"SETOR 4 - JOINVILLE - NORTE";"LD2417        ";0;"VARILUX XR DESIGN ORMA COLOR";;"5.101  ";2;195,56
13706187;2023-10-31;4154;77;"SETOR 6 - B CAMBORIU - LITORAL";"LD2373        ";1;"VARILUX XR DESIGN STYLIS 1.67 TGEN8 CINZA";"ANA CAROLINA";"5.101  ";2;1216,18
13706267;2023-10-30;634;;"SETOR 6 - B CAMBORIU - LITORAL";"LD2366        ";1;"VARILUX XR DESIGN ORMA TGEN8 CINZA";"34185307";"5.101  ";2;822,36
13707019;2023-10-30;1464;;"SETOR 5 - BLUMENAU - VALE";"LD2365        ";0;"VARILUX XR DESIGN ORMA BLUE UV";"BARBARA";"5.101  ";2;709
13707518;2023-10-31;4132;77;"SETOR 6 - B CAMBORIU - LITORAL";"LD2365        ";0;"VARILUX XR DESIGN ORMA BLUE UV";"GISELE ";"5.101  ";2;486,91
13707550;2023-10-31;4132;77;"SETOR 6 - B CAMBORIU - LITORAL";"LD2365        ";0;"VARILUX XR DESIGN ORMA BLUE UV";"GISELE ";"5.101  ";2;234,2
13708310;2023-10-27;154;91;"SETOR 2 - CRICIUMA - SUL";"LD2368        ";0;"VARILUX XR DESIGN AIR XPERIO CINZA";"THIAGO";"5.101  ";2;249,99
13708553;2023-10-31;1464;;"SETOR 5 - BLUMENAU - VALE";"LD2417        ";0;"VARILUX XR DESIGN ORMA COLOR";"BARBARA";"5.101  ";2;204,25
13709373;2023-10-31;1419;;"SETOR 5 - BLUMENAU - VALE";"LD2372        ";0;"VARILUX XR DESIGN STYLIS 1.67 BLUE UV";"ELSE-XIRU";"5.101  ";2;183,67
13709513;2023-10-31;2273;77;"SETOR 6 - B CAMBORIU - LITORAL";"LD2365        ";0;"VARILUX XR DESIGN ORMA BLUE UV";"MAYARA";"5.101  ";2;290,17
13710537;2023-10-31;291;199;"SETOR 4 - JOINVILLE - NORTE";"LD2365        ";0;"VARILUX XR DESIGN ORMA BLUE UV";"CAMILA";"5.101  ";2;715,5
13710548;2023-10-31;291;199;"SETOR 4 - JOINVILLE - NORTE";"LD2365        ";0;"VARILUX XR DESIGN ORMA BLUE UV";"CAMILA";"5.101  ";2;198,95
13710695;2023-10-31;47;;"SETOR 3 - CHAPECO - OESTE - RS";"LD2385        ";0;"VARILUX XR DESIGN FIT EYE AIRWEAR BLUE UV";"MARCELO";"5.101  ";2;400,5
